{
  "createdBy": {
    "displayName": "Bruce Boucard",
    "url": "https://app.vssps.visualstudio.com/Ac4956506-22af-459b-a15e-eaf70fed3a59/_apis/Identities/7ec74931-a19c-6257-8d44-34fab455625c",
    "_links": {
      "avatar": {
        "href": "https://questdiagnostics.visualstudio.com/_apis/GraphProfile/MemberAvatars/aad.N2VjNzQ5MzEtYTE5Yy03MjU3LThkNDQtMzRmYWI0NTU2MjVj"
      }
    },
    "id": "7ec74931-a19c-6257-8d44-34fab455625c",
    "uniqueName": "Bruce.A.Boucard@questdiagnostics.com",
    "imageUrl": "https://questdiagnostics.visualstudio.com/_api/_common/identityImage?id=7ec74931-a19c-6257-8d44-34fab455625c",
    "descriptor": "aad.N2VjNzQ5MzEtYTE5Yy03MjU3LThkNDQtMzRmYWI0NTU2MjVj"
  },
  "createdOn": "2018-10-16T20:06:14.310Z",
  "source": 2,
  "revision": 6,
  "description": null,
  "modifiedBy": {
    "displayName": "Bruce Boucard",
    "url": "https://app.vssps.visualstudio.com/Ac4956506-22af-459b-a15e-eaf70fed3a59/_apis/Identities/7ec74931-a19c-6257-8d44-34fab455625c",
    "_links": {
      "avatar": {
        "href": "https://questdiagnostics.visualstudio.com/_apis/GraphProfile/MemberAvatars/aad.N2VjNzQ5MzEtYTE5Yy03MjU3LThkNDQtMzRmYWI0NTU2MjVj"
      }
    },
    "id": "7ec74931-a19c-6257-8d44-34fab455625c",
    "uniqueName": "Bruce.A.Boucard@questdiagnostics.com",
    "imageUrl": "https://questdiagnostics.visualstudio.com/_api/_common/identityImage?id=7ec74931-a19c-6257-8d44-34fab455625c",
    "descriptor": "aad.N2VjNzQ5MzEtYTE5Yy03MjU3LThkNDQtMzRmYWI0NTU2MjVj"
  },
  "modifiedOn": "2018-10-19T16:08:20.090Z",
  "isDeleted": false,
  "variables": {},
  "variableGroups": [
    9
  ],
  "environments": [
    {
      "id": 6,
      "name": "Dev",
      "rank": 1,
      "owner": {
        "displayName": "Bruce Boucard",
        "url": "https://app.vssps.visualstudio.com/Ac4956506-22af-459b-a15e-eaf70fed3a59/_apis/Identities/7ec74931-a19c-6257-8d44-34fab455625c",
        "_links": {
          "avatar": {
            "href": "https://questdiagnostics.visualstudio.com/_apis/GraphProfile/MemberAvatars/aad.N2VjNzQ5MzEtYTE5Yy03MjU3LThkNDQtMzRmYWI0NTU2MjVj"
          }
        },
        "id": "7ec74931-a19c-6257-8d44-34fab455625c",
        "uniqueName": "Bruce.A.Boucard@questdiagnostics.com",
        "imageUrl": "https://questdiagnostics.visualstudio.com/_api/_common/identityImage?id=7ec74931-a19c-6257-8d44-34fab455625c",
        "descriptor": "aad.N2VjNzQ5MzEtYTE5Yy03MjU3LThkNDQtMzRmYWI0NTU2MjVj"
      },
      "variables": {},
      "variableGroups": [
        10,
        11
      ],
      "preDeployApprovals": {
        "approvals": [
          {
            "rank": 1,
            "isAutomated": true,
            "isNotificationOn": false,
            "id": 18
          }
        ],
        "approvalOptions": {
          "requiredApproverCount": null,
          "releaseCreatorCanBeApprover": false,
          "autoTriggeredAndPreviousEnvironmentApprovedCanBeSkipped": false,
          "enforceIdentityRevalidation": false,
          "timeoutInMinutes": 0,
          "executionOrder": 1
        }
      },
      "deployStep": {
        "id": 19
      },
      "postDeployApprovals": {
        "approvals": [
          {
            "rank": 1,
            "isAutomated": true,
            "isNotificationOn": false,
            "id": 20
          }
        ],
        "approvalOptions": {
          "requiredApproverCount": null,
          "releaseCreatorCanBeApprover": false,
          "autoTriggeredAndPreviousEnvironmentApprovedCanBeSkipped": false,
          "enforceIdentityRevalidation": false,
          "timeoutInMinutes": 0,
          "executionOrder": 2
        }
      },
      "deployPhases": [
        {
          "deploymentInput": {
            "parallelExecution": {
              "parallelExecutionType": 0
            },
            "skipArtifactsDownload": false,
            "artifactsDownloadInput": {
              "downloadInputs": [
                {
                  "artifactItems": [],
                  "alias": "Sprintt Service - Api Gateway",
                  "artifactType": "Build",
                  "artifactDownloadMode": "All"
                }
              ]
            },
            "queueId": 14,
            "demands": [],
            "enableAccessToken": false,
            "timeoutInMinutes": 0,
            "jobCancelTimeoutInMinutes": 1,
            "condition": "succeeded()",
            "overrideInputs": {}
          },
          "rank": 1,
          "phaseType": 1,
          "name": "Agent job",
          "workflowTasks": [
            {
              "environment": {},
              "taskId": "eb72cb01-a7e5-427b-a8a1-1b31ccac8a43",
              "version": "1.*",
              "name": "AzureBlob File Copy",
              "refName": "",
              "enabled": true,
              "alwaysRun": false,
              "continueOnError": false,
              "timeoutInMinutes": 0,
              "definitionType": "task",
              "overrideInputs": {},
              "condition": "succeeded()",
              "inputs": {
                "SourcePath": "$(System.DefaultWorkingDirectory)/Sprintt Service - Api Gateway/drop",
                "ConnectedServiceNameSelector": "ConnectedServiceNameARM",
                "ConnectedServiceName": "",
                "ConnectedServiceNameARM": "fcab89c4-a053-4454-8b2f-0eab851bad16",
                "Destination": "AzureBlob",
                "StorageAccount": "",
                "StorageAccountRM": "dgxsprinttdevcd",
                "ContainerName": "$(cicdContainer)",
                "BlobPrefix": "$(applicationName)",
                "EnvironmentName": "",
                "EnvironmentNameRM": "",
                "ResourceFilteringMethod": "machineNames",
                "MachineNames": "",
                "vmsAdminUserName": "",
                "vmsAdminPassword": "",
                "TargetPath": "",
                "AdditionalArguments": "",
                "enableCopyPrerequisites": "false",
                "CopyFilesInParallel": "true",
                "CleanTargetBeforeCopy": "false",
                "skipCACheck": "true",
                "outputStorageUri": "",
                "outputStorageContainerSasToken": ""
              }
            }
          ]
        }
      ],
      "environmentOptions": {
        "emailNotificationType": "OnlyOnFailure",
        "emailRecipients": "release.environment.owner;release.creator",
        "skipArtifactsDownload": false,
        "timeoutInMinutes": 0,
        "enableAccessToken": false,
        "publishDeploymentStatus": true,
        "badgeEnabled": false,
        "autoLinkWorkItems": false,
        "pullRequestDeploymentEnabled": false
      },
      "demands": [],
      "conditions": [
        {
          "name": "ReleaseStarted",
          "conditionType": 1,
          "value": ""
        }
      ],
      "executionPolicy": {
        "concurrencyCount": 1,
        "queueDepthCount": 0
      },
      "schedules": [],
      "currentRelease": {
        "id": 24,
        "url": "https://questdiagnostics.vsrm.visualstudio.com/39c528a0-ccae-46bc-901a-cb971bb059e8/_apis/Release/releases/24",
        "_links": {}
      },
      "retentionPolicy": {
        "daysToKeep": 30,
        "releasesToKeep": 3,
        "retainBuild": true
      },
      "processParameters": {},
      "properties": {},
      "preDeploymentGates": {
        "id": 0,
        "gatesOptions": null,
        "gates": []
      },
      "postDeploymentGates": {
        "id": 0,
        "gatesOptions": null,
        "gates": []
      },
      "environmentTriggers": [],
      "badgeUrl": "https://questdiagnostics.vsrm.visualstudio.com/_apis/public/Release/badge/39c528a0-ccae-46bc-901a-cb971bb059e8/6/6"
    }
  ],
  "artifacts": [
    {
      "sourceId": "39c528a0-ccae-46bc-901a-cb971bb059e8:6",
      "type": "Build",
      "alias": "Sprintt Service - Api Gateway",
      "definitionReference": {
        "artifactSourceDefinitionUrl": {
          "id": "https://questdiagnostics.visualstudio.com/_permalink/_build/index?collectionId=65278d98-1e7d-4fb1-8358-f3c8aa6af826&projectId=39c528a0-ccae-46bc-901a-cb971bb059e8&definitionId=6",
          "name": ""
        },
        "defaultVersionBranch": {
          "id": "",
          "name": ""
        },
        "defaultVersionSpecific": {
          "id": "",
          "name": ""
        },
        "defaultVersionTags": {
          "id": "",
          "name": ""
        },
        "defaultVersionType": {
          "id": "latestType",
          "name": "Latest"
        },
        "definition": {
          "id": "6",
          "name": "Sprintt Service - Api Gateway"
        },
        "project": {
          "id": "39c528a0-ccae-46bc-901a-cb971bb059e8",
          "name": "sprintt"
        }
      },
      "isPrimary": true,
      "isRetained": false
    }
  ],
  "triggers": [
    {
      "artifactAlias": "Sprintt Service - Api Gateway",
      "triggerConditions": [],
      "triggerType": 1
    }
  ],
  "releaseNameFormat": "$(applicationName)-Release-$(rev:r)",
  "tags": [],
  "properties": {
    "DefinitionCreationSource": {
      "$type": "System.String",
      "$value": "BuildSummary"
    }
  },
  "id": 6,
  "name": "Sprintt Service - Api Gateway - CD",
  "path": "\\Development",
  "projectReference": null,
  "url": "https://questdiagnostics.vsrm.visualstudio.com/39c528a0-ccae-46bc-901a-cb971bb059e8/_apis/Release/definitions/6",
  "_links": {
    "self": {
      "href": "https://questdiagnostics.vsrm.visualstudio.com/39c528a0-ccae-46bc-901a-cb971bb059e8/_apis/Release/definitions/6"
    },
    "web": {
      "href": "https://questdiagnostics.visualstudio.com/39c528a0-ccae-46bc-901a-cb971bb059e8/_release?definitionId=6"
    }
  }
}