{
	"init": [
		{
			"IC1": {
				"init": [
					{
						"type": "DiagnosticOrLabTest",
						"subType": {
							"LabResults": [
								{
									"fieldLabel": "LabTestLookup",
									"fieldValue": "PROTEIN, TOTAL, RANDOM URINE",
									"valueType": "String"
								},
								{
									"fieldLabel": "labTestCondition",
									"fieldValue": "range",
									"valueType": ""
								},
								{
									"fieldLabel": "valueType",
									"fieldValue": "refRangeAlpha",
									"valueType": "String"
								},
								{
									"fieldLabel": "endPoints",
									"fieldValue": "inc_ep",
									"valueType": "String"
								},
								{
									"fieldLabel": "range",
									"fieldValue": "Inside the range",
									"valueType": "String"
								},
								{
									"fieldLabel": "timeComponentCheckBox",
									"fieldValue": true,
									"valueType": "boolean"
								},
								{
									"fieldLabel": "timeComponent",
									"fieldValue": "dateOfService",
									"valueType": "String"
								},
								{
									"fieldLabel": "timeComponentCondition",
									"fieldValue": "range",
									"valueType": ""
								},
								{
									"fieldLabel": "timeComponentMin",
									"fieldValue": "03/10/2017",
									"valueType": "Date"
								},
								{
									"fieldLabel": "timeComponentMax",
									"fieldValue": "11/24/2017",
									"valueType": "Date"
								}
							]
						}
					}
				]
			}
		}
	]
}
