{
    "type": "Campaign",
    "currentStatus": "Draft",
    "id": "57",
    "createdAt": "1579259092",
    "createdBy": "43",
    "depth": "complete",
    "folderId": "308",
    "name": "SPRINTT Test Multiple Campaign Test",
    "permissions": [
        "Retrieve",
        "SetSecurity",
        "Delete",
        "Update",
        "Activate"
    ],
    "updatedAt": "1579259092",
    "updatedBy": "43",
    "elements": [
        {
            "type": "CampaignSegment",
            "id": "123",
            "initialId": "-1",
            "name": "Segment Members",
            "memberCount": "0",
            "memberErrorCount": "0",
            "outputTerminals": [
                {
                    "type": "CampaignOutputTerminal",
                    "id": "111",
                    "initialId": "-10011",
                    "connectedId": "124",
                    "connectedType": "CampaignWaitAction",
                    "terminalType": "out"
                }
            ],
            "position": {
                "type": "Position",
                "x": "0",
                "y": "0"
            },
            "isFinished": "false",
            "isRecurring": "false",
            "segmentId": "12"
        },
        {
            "type": "CampaignWaitAction",
            "id": "124",
            "initialId": "-2",
            "name": "Wait",
            "memberCount": "0",
            "memberErrorCount": "0",
            "outputTerminals": [
                {
                    "type": "CampaignOutputTerminal",
                    "id": "112",
                    "initialId": "-10012",
                    "connectedId": "125",
                    "connectedType": "CampaignEmail",
                    "terminalType": "out"
                }
            ],
            "position": {
                "type": "Position",
                "x": "0",
                "y": "0"
            },
            "isNotificationEnabled": "False",
            "waitFor": "7200"
        },
        {
            "type": "CampaignEmail",
            "id": "125",
            "initialId": "-3",
            "name": "Email",
            "memberCount": "0",
            "memberErrorCount": "0",
            "outputTerminals": [
                {
                    "type": "CampaignOutputTerminal",
                    "id": "113",
                    "initialId": "-10013",
                    "connectedId": "126",
                    "connectedType": "CampaignWaitAction",
                    "terminalType": "out"
                }
            ],
            "position": {
                "type": "Position",
                "x": "0",
                "y": "0"
            },
            "sendTimePeriod": "sendAllEmailAtOnce",
            "emailId": "62",
            "includeListUnsubscribeHeader": "true",
            "isAllowingResend": "false",
            "stoArbitrationDelay": "1",
            "stoType": "none"
        },
        {
            "type": "CampaignWaitAction",
            "id": "126",
            "initialId": "-4",
            "name": "Wait",
            "memberCount": "0",
            "memberErrorCount": "0",
            "outputTerminals": [
                {
                    "type": "CampaignOutputTerminal",
                    "id": "114",
                    "initialId": "-10014",
                    "connectedId": "127",
                    "connectedType": "CampaignEmailSentRule",
                    "terminalType": "out"
                }
            ],
            "position": {
                "type": "Position",
                "x": "0",
                "y": "0"
            },
            "isNotificationEnabled": "False",
            "waitFor": "3600"
        },
        {
            "type": "CampaignEmailSentRule",
            "id": "127",
            "initialId": "-5",
            "name": "Sent Email?",
            "memberCount": "0",
            "memberErrorCount": "0",
            "outputTerminals": [
                {
                    "type": "CampaignOutputTerminal",
                    "id": "115",
                    "initialId": "-10015",
                    "connectedId": "128",
                    "connectedType": "CampaignMoveToContactListAction",
                    "terminalType": "no"
                },
                {
                    "type": "CampaignOutputTerminal",
                    "id": "116",
                    "initialId": "-10016",
                    "connectedId": "129",
                    "connectedType": "CampaignMoveToContactListAction",
                    "terminalType": "yes"
                }
            ],
            "position": {
                "type": "Position",
                "x": "0",
                "y": "0"
            },
            "emailId": "62",
            "evaluateNoAfter": "0"
        },
        {
            "type": "CampaignMoveToContactListAction",
            "id": "128",
            "initialId": "-6",
            "name": "Move to Shared List",
            "memberCount": "0",
            "memberErrorCount": "0",
            "position": {
                "type": "Position",
                "x": "0",
                "y": "0"
            },
            "listId": "17"
        },
        {
            "type": "CampaignMoveToContactListAction",
            "id": "129",
            "initialId": "-7",
            "name": "Move to Shared List",
            "memberCount": "0",
            "memberErrorCount": "0",
            "position": {
                "type": "Position",
                "x": "0",
                "y": "0"
            },
            "listId": "70"
        }
    ],
    "isReadOnly": "false",
    "actualCost": "0.00",
    "budgetedCost": "0.00",
    "campaignCategory": "contact",
    "crmId": "",
    "fieldValues": [
        {
            "type": "FieldValue",
            "id": "5",
            "value": ""
        },
        {
            "type": "FieldValue",
            "id": "6",
            "value": ""
        },
        {
            "type": "FieldValue",
            "id": "7",
            "value": ""
        },
        {
            "type": "FieldValue",
            "id": "8",
            "value": ""
        }
    ],
    "isEmailMarketingCampaign": "false",
    "isIncludedInROI": "true",
    "isMemberAllowedReEntry": "false",
    "isSyncedWithCRM": "true"
}