<?xml version="1.0" encoding="UTF-8"?>

<!--This is a sample spring-integration configuration -->

<beans xmlns:xsi="http://www.w3.org/2001/XMLSchema-instance"
       xmlns:int-webflux="http://www.springframework.org/schema/integration/webflux"
       xmlns:int="http://www.springframework.org/schema/integration"
       xmlns="http://www.springframework.org/schema/beans"

       xsi:schemaLocation="http://www.springframework.org/schema/beans
        http://www.springframework.org/schema/beans/spring-beans.xsd
	    http://www.springframework.org/schema/integration
	    http://www.springframework.org/schema/integration/spring-integration.xsd
        http://www.springframework.org/schema/integration/webflux
        http://www.springframework.org/schema/integration/webflux/spring-integration-webflux.xsd">


    <!--================= Channels =================-->
    <int:channel id="inputChannel">
    </int:channel>

    <!--================= Endpoints =================-->
    <bean id="transformer" class="com.pearson.glp.core.integration.SampleTransformer"/>

    <int:logging-channel-adapter id="loggingChannel" logger-name="com.pearson.glp.core.integration"/>


    <!--==================== Flow ===================-->
    <!-- Sends current time to input chanel every 30 seconds -->
    <int:inbound-channel-adapter expression="T(java.lang.System).currentTimeMillis()" channel="inputChannel">
        <int:poller fixed-delay="30000" max-messages-per-poll="1"/>
    </int:inbound-channel-adapter>

    <int:chain id="chain" input-channel="inputChannel" output-channel="loggingChannel">
        <int:transformer ref="transformer" method="millisecondsToSecondsString"/>
        <int-webflux:outbound-gateway id="reactiveOutbound"
                                      url="http://localhost:9098/resource/{resourceId}"
                                      http-method="GET"
                                      reply-timeout="1000"
                                      expected-response-type="java.lang.String">
            <int-webflux:uri-variable name="resourceId" expression="payload"/>
        </int-webflux:outbound-gateway>
        <int:transformer ref="transformer" method="getBody"/>
    </int:chain>

</beans>
