{
    "trialId": 2,
    "templateId": null,
    "name": "Gender and Age",
    "description": "Men or women with age rage specified in the condition ",
    "operator": "ALL",
    "qualifier": [
      {
        "description": "Men or women",
        "class": "gender",
        "group": "Demographics",
        "max": 0,
        "min": 0,
        "resource": 
        [{
          "resourceType": "Patient",
          "gender":"male"
        },{
          "resourceType": "Patient",
          "gender":"female"
        }]
      },
      {
        "description": ">= 18 years of age",
        "class": "age",
        "group": "Demographics",
        "max": 0,
        "min": 18,
        "resource": 
        {
          "resourceType": "Patient",
          "age": "18"
        },
        "expression":">= 18"
      }
    ],
    "type": "inclusion",
    "criteriaId": 114
  }
{
  "trialName": "Evaluation of Major Cardiovascular Events in Patients With, or at High Risk for, Cardiovascular Disease Who Are Statin Intolerant Treated With Bempedoic Acid (ETC-1002) or Placebo (CLEAR Outcomes)",
  "trialStartDate": 1451932200000,
  "trialEndDate": 1546713000000,
  "condition": "Cardiovascular Diseases",
  "nctNumber": "2993406",
  "collabrators": "Astra Zeneca",
  "interventions": null,
  "sponsor": {
    "name": "Astra Zeneca",
    "sponsorId": 1
  },
  "trialStatus": {
    "name": "Active",
    "trialStatusId": 1
  },
  "phase": {
    "name": "Phase II",
    "phaseId": 2
  },
  "id": 2,
  "criterias":[,
  {
  "trialId": 2,
  "templateId": null,
  "name": "Allergy Condition",
    "description": "Allergy or intolerance to acids or drugs as defined in condition",
    "operator":"all",
    "qualifier": [
      {
        "description": "Omega-3 carboxylic acids, omega-3 fatty acids, omega-3-acid ethyl esters, or corn oil",
        "class": "PharmaceuticalSubstanceOrDrug",
        "group": "TreatmentOrHealthCare",
        "resource": 
          {
            "resourceType": "AllergyIntolerance",
            "code": {
              "coding": [
                {
                  "system": "http://snomed.info/sct",
                  "code": "414932003",
                  "display": "Omega-3 acid ethyl ester"
                },{
                  "system": "http://snomed.info/sct",
                  "code": "17558001",
                  "display": "Corn oil (product)"
                }
              ]
            }
          }
        
      }
    ],     
    "type": "exclusion",
    "criteriaId": 120
  },{
    "trialId": 2,
    "templateId": null,
    "name": "Drugs intake",
    "description": "Use of drugs within time period as defined in condition",
    "operator":"all",
    "qualifier": [
      {
        "description": "Use of fibrates, bile acid sequestrants, or niacin",
        "class": "PharmaceuticalSubstanceOrDrug",
        "group": "TreatmentOrHealthCare",
        "resource": 
          {
            "resourceType": "Procedure",
            "code": {
              "coding": [
                {
                  "system": "http://snomed.info/sct",
                  "code": "372514009",
                  "display": "Fibrate antihyperlipidemic"
                },{
                  "system": "http://snomed.info/sct",
                  "code": "431067008",
                  "display": "Bile acid"
                },{
                  "system": "http://snomed.info/sct",
                  "code": "273943001",
                  "display": "Niacin"
                }

              ]
            }
          }
        
      },{
        "description": "within 4 weeks",
        "class": "time",
        "group": "common",
        "resource": 
          {
            "resourceType": "Patient",
            "expression":"<= 4"
          },
          "valueQuantity": {
            "value": 4,
            "unit": "week",
            "system": "http://unitsofmeasure.org",
            "code": "week"
          },
          "period": {
            "start": "01/01/2018"
          }
        
      }
    ],
    "type": "exclusion",
    "criteriaId": 120
  }
]
}